accession,seq_tech,geo_origin
NA19238,ILLUMINA,Yoruba in Nigeria
NA19239,ILLUMINA,Yoruba in Nigeria
NA18550,ILLUMINA,Han Chinese in Beijing
NA18570,ILLUMINA,Han Chinese in Beijing
NA18582,ILLUMINA,Han Chinese in Beijing
NA18558,ILLUMINA,Han Chinese in Beijing
NA18576,ILLUMINA,Han Chinese in Beijing
NA18638,ILLUMINA,Han Chinese in Beijing
NA18593,ILLUMINA,Han Chinese in Beijing
NA18542,ILLUMINA,Han Chinese in Beijing
NA18537,ILLUMINA,Han Chinese in Beijing
NA18592,ILLUMINA,Han Chinese in Beijing
NA18547,ILLUMINA,Han Chinese in Beijing
NA18545,ILLUMINA,Han Chinese in Beijing
NA18603,ILLUMINA,Han Chinese in Beijing
NA18562,ILLUMINA,Han Chinese in Beijing
NA18566,ILLUMINA,Han Chinese in Beijing
NA18532,ILLUMINA,Han Chinese in Beijing
NA18579,ILLUMINA,Han Chinese in Beijing
NA18573,ILLUMINA,Han Chinese in Beijing
NA18609,ILLUMINA,Han Chinese in Beijing
NA18608,ILLUMINA,Han Chinese in Beijing
NA18552,ILLUMINA,Han Chinese in Beijing
NA18571,ILLUMINA,Han Chinese in Beijing
NA18605,ILLUMINA,Han Chinese in Beijing
NA12234,ILLUMINA,Utah Residents (CEPH) with Northern and Western European Ancestry
NA18944,ILLUMINA,Japanese in Tokyo
NA07000,ILLUMINA,Utah Residents (CEPH) with Northern and Western European Ancestry
NA18973,ILLUMINA,Japanese in Tokyo
NA07357,ILLUMINA,Utah Residents (CEPH) with Northern and Western European Ancestry
NA12776,ILLUMINA,Utah Residents (CEPH) with Northern and Western European Ancestry
NA18511,ILLUMINA,Yoruba in Nigeria
NA12414,ILLUMINA,Utah Residents (CEPH) with Northern and Western European Ancestry
NA19005,ILLUMINA,Japanese in Tokyo
NA18952,ILLUMINA,Japanese in Tokyo
NA18980,ILLUMINA,Japanese in Tokyo
NA12043,ILLUMINA,Utah Residents (CEPH) with Northern and Western European Ancestry
NA18943,ILLUMINA,Japanese in Tokyo
NA18947,ILLUMINA,Japanese in Tokyo
NA12828,ILLUMINA,Utah Residents (CEPH) with Northern and Western European Ancestry
NA18577,ILLUMINA,Han Chinese in Beijing
NA18563,ILLUMINA,Han Chinese in Beijing
NA18561,ILLUMINA,Han Chinese in Beijing
NA18572,ILLUMINA,Han Chinese in Beijing
NA18555,ILLUMINA,Han Chinese in Beijing
NA18526,ILLUMINA,Han Chinese in Beijing
NA19201,ABI_SOLID,Yoruba in Nigeria
NA19171,ABI_SOLID,Yoruba in Nigeria
NA18912,ABI_SOLID,Yoruba in Nigeria
NA19137,ABI_SOLID,Yoruba in Nigeria
NA19210,ABI_SOLID,Yoruba in Nigeria
NA18504,ABI_SOLID,Yoruba in Nigeria
NA18870,ABI_SOLID,Yoruba in Nigeria
NA07051,ILLUMINA,Utah Residents (CEPH) with Northern and Western European Ancestry
NA10847,ILLUMINA,Utah Residents (CEPH) with Northern and Western European Ancestry
NA12249,ILLUMINA,Utah Residents (CEPH) with Northern and Western European Ancestry
NA12716,ILLUMINA,Utah Residents (CEPH) with Northern and Western European Ancestry
NA12717,ILLUMINA,Utah Residents (CEPH) with Northern and Western European Ancestry
NA12750,ILLUMINA,Utah Residents (CEPH) with Northern and Western European Ancestry
NA12751,ILLUMINA,Utah Residents (CEPH) with Northern and Western European Ancestry
NA12761,ILLUMINA,Utah Residents (CEPH) with Northern and Western European Ancestry
NA10851,ILLUMINA,Utah Residents (CEPH) with Northern and Western European Ancestry
NA18916,ILLUMINA,Yoruba in Nigeria
NA18951,ILLUMINA,Japanese in Tokyo
NA18965,ILLUMINA,Japanese in Tokyo
NA18861,ILLUMINA,Yoruba in Nigeria
NA18505,ILLUMINA,Yoruba in Nigeria
NA12044,ILLUMINA,Utah Residents (CEPH) with Northern and Western European Ancestry
NA18948,ILLUMINA,Japanese in Tokyo
NA19225,ILLUMINA,Yoruba in Nigeria
NA18942,ILLUMINA,Japanese in Tokyo
NA18858,ILLUMINA,Yoruba in Nigeria
NA18956,ILLUMINA,Japanese in Tokyo
NA18502,ILLUMINA,Yoruba in Nigeria
NA12004,ILLUMINA,Utah Residents (CEPH) with Northern and Western European Ancestry
NA12287,ILLUMINA,Utah Residents (CEPH) with Northern and Western European Ancestry
NA19108,ILLUMINA,Yoruba in Nigeria
NA11881,ILLUMINA,Utah Residents (CEPH) with Northern and Western European Ancestry
NA12749,ILLUMINA,Utah Residents (CEPH) with Northern and Western European Ancestry
NA12144,ILLUMINA,Utah Residents (CEPH) with Northern and Western European Ancestry
NA11993,ILLUMINA,Utah Residents (CEPH) with Northern and Western European Ancestry
NA18508,ILLUMINA,Yoruba in Nigeria
NA19099,ILLUMINA,Yoruba in Nigeria
NA19257,ILLUMINA,Yoruba in Nigeria
NA18523,ILLUMINA,Yoruba in Nigeria
NA11894,ILLUMINA,Utah Residents (CEPH) with Northern and Western European Ancestry
NA19190,ILLUMINA,Yoruba in Nigeria
NA11931,ILLUMINA,Utah Residents (CEPH) with Northern and Western European Ancestry
NA12006,ILLUMINA,Utah Residents (CEPH) with Northern and Western European Ancestry
NA18949,ILLUMINA,Japanese in Tokyo
NA12156,ILLUMINA,Utah Residents (CEPH) with Northern and Western European Ancestry
NA06985,ILLUMINA,Utah Residents (CEPH) with Northern and Western European Ancestry
NA07037,ILLUMINA,Utah Residents (CEPH) with Northern and Western European Ancestry
NA12763,ILLUMINA,Utah Residents (CEPH) with Northern and Western European Ancestry
NA12878,ILLUMINA,Utah Residents (CEPH) with Northern and Western European Ancestry
NA19138,ILLUMINA,Yoruba in Nigeria
NA18907,ILLUMINA,Yoruba in Nigeria
NA19129,ILLUMINA,Yoruba in Nigeria
NA19114,ILLUMINA,Yoruba in Nigeria
NA18517,ILLUMINA,Yoruba in Nigeria
NA19147,ILLUMINA,Yoruba in Nigeria
NA18909,ILLUMINA,Yoruba in Nigeria
NA19093,ILLUMINA,Yoruba in Nigeria
NA18501,ILLUMINA,Yoruba in Nigeria
NA11995,ILLUMINA,Utah Residents (CEPH) with Northern and Western European Ancestry
NA12891,ILLUMINA,Utah Residents (CEPH) with Northern and Western European Ancestry
NA12489,ILLUMINA,Utah Residents (CEPH) with Northern and Western European Ancestry
NA18507,ILLUMINA,Yoruba in Nigeria
NA18940,ILLUMINA,Japanese in Tokyo
NA20529,ILLUMINA,Toscani in Italy
NA20518,ILLUMINA,Toscani in Italy
NA20510,ILLUMINA,Toscani in Italy
NA20524,ILLUMINA,Toscani in Italy
NA20522,ILLUMINA,Toscani in Italy
NA20508,ILLUMINA,Toscani in Italy
NA20512,ILLUMINA,Toscani in Italy
NA20517,ILLUMINA,Toscani in Italy
NA20525,ILLUMINA,Toscani in Italy
NA20521,ILLUMINA,Toscani in Italy
NA20502,ILLUMINA,Toscani in Italy
NA20520,ILLUMINA,Toscani in Italy
NA20509,ILLUMINA,Toscani in Italy
NA20506,ILLUMINA,Toscani in Italy
NA20505,ILLUMINA,Toscani in Italy
NA20527,ILLUMINA,Toscani in Italy
NA20530,ILLUMINA,Toscani in Italy
NA20531,ILLUMINA,Toscani in Italy
NA20528,ILLUMINA,Toscani in Italy
NA20519,ILLUMINA,Toscani in Italy
NA20752,ILLUMINA,Toscani in Italy
NA20535,ILLUMINA,Toscani in Italy
NA20538,ILLUMINA,Toscani in Italy
NA20544,ILLUMINA,Toscani in Italy
NA20585,ILLUMINA,Toscani in Italy
NA20504,ILLUMINA,Toscani in Italy
NA20589,ILLUMINA,Toscani in Italy
NA20757,ILLUMINA,Toscani in Italy
NA11893,ILLUMINA,Utah Residents (CEPH) with Northern and Western European Ancestry
NA12775,ILLUMINA,Utah Residents (CEPH) with Northern and Western European Ancestry
NA12347,ILLUMINA,Utah Residents (CEPH) with Northern and Western European Ancestry
NA12348,ILLUMINA,Utah Residents (CEPH) with Northern and Western European Ancestry
NA20513,ILLUMINA,Toscani in Italy
NA12383,ILLUMINA,Utah Residents (CEPH) with Northern and Western European Ancestry
NA20807,ILLUMINA,Toscani in Italy
NA20768,ILLUMINA,Toscani in Italy
NA20811,ILLUMINA,Toscani in Italy
NA20812,ILLUMINA,Toscani in Italy
NA20813,ILLUMINA,Toscani in Italy
NA20818,ILLUMINA,Toscani in Italy
NA20586,ILLUMINA,Toscani in Italy
NA20806,ILLUMINA,Toscani in Italy
NA20761,ILLUMINA,Toscani in Italy
NA20809,ILLUMINA,Toscani in Italy
NA20515,ILLUMINA,Toscani in Italy
NA20516,ILLUMINA,Toscani in Italy
NA07056,ILLUMINA,Utah Residents (CEPH) with Northern and Western European Ancestry
NA12777,ILLUMINA,Utah Residents (CEPH) with Northern and Western European Ancestry
NA12546,ILLUMINA,Utah Residents (CEPH) with Northern and Western European Ancestry
NA12778,ILLUMINA,Utah Residents (CEPH) with Northern and Western European Ancestry
NA12413,ILLUMINA,Utah Residents (CEPH) with Northern and Western European Ancestry
NA11892,ILLUMINA,Utah Residents (CEPH) with Northern and Western European Ancestry
NA20534,ILLUMINA,Toscani in Italy
NA20542,ILLUMINA,Toscani in Italy
NA20541,ILLUMINA,Toscani in Italy
NA20540,ILLUMINA,Toscani in Italy
NA20539,ILLUMINA,Toscani in Italy
NA20756,ILLUMINA,Toscani in Italy
NA20753,ILLUMINA,Toscani in Italy
NA20588,ILLUMINA,Toscani in Italy
NA20582,ILLUMINA,Toscani in Italy
NA20543,ILLUMINA,Toscani in Italy
NA20755,ILLUMINA,Toscani in Italy
NA20754,ILLUMINA,Toscani in Italy
NA20765,ILLUMINA,Toscani in Italy
NA20790,ILLUMINA,Toscani in Italy
NA20786,ILLUMINA,Toscani in Italy
NA20805,ILLUMINA,Toscani in Italy
NA20803,ILLUMINA,Toscani in Italy
NA20773,ILLUMINA,Toscani in Italy
NA20774,ILLUMINA,Toscani in Italy
NA20769,ILLUMINA,Toscani in Italy
NA20771,ILLUMINA,Toscani in Italy
NA20772,ILLUMINA,Toscani in Italy
NA20800,ILLUMINA,Toscani in Italy
NA20802,ILLUMINA,Toscani in Italy
NA20795,ILLUMINA,Toscani in Italy
NA20808,ILLUMINA,Toscani in Italy
NA20810,ILLUMINA,Toscani in Italy
NA19222,ILLUMINA,Yoruba in Nigeria
NA19189,ILLUMINA,Yoruba in Nigeria
NA20828,ILLUMINA,Toscani in Italy
NA20533,ILLUMINA,Toscani in Italy
NA20796,ILLUMINA,Toscani in Italy
NA20792,ILLUMINA,Toscani in Italy
NA19088,ILLUMINA,Japanese in Tokyo
NA19087,ILLUMINA,Japanese in Tokyo
NA20804,ILLUMINA,Toscani in Italy
NA20801,ILLUMINA,Toscani in Italy
NA20537,ILLUMINA,Toscani in Italy
NA20775,ILLUMINA,Toscani in Italy
NA20787,ILLUMINA,Toscani in Italy
NA20785,ILLUMINA,Toscani in Italy
NA20778,ILLUMINA,Toscani in Italy
NA20783,ILLUMINA,Toscani in Italy
NA20770,ILLUMINA,Toscani in Italy
NA20581,ILLUMINA,Toscani in Italy
NA20799,ILLUMINA,Toscani in Italy
NA20797,ILLUMINA,Toscani in Italy
NA20758,ILLUMINA,Toscani in Italy
NA20759,ILLUMINA,Toscani in Italy
NA20760,ILLUMINA,Toscani in Italy
NA20819,ILLUMINA,Toscani in Italy
NA20816,ILLUMINA,Toscani in Italy
NA20815,ILLUMINA,Toscani in Italy
NA20826,ILLUMINA,Toscani in Italy
NA19107,ILLUMINA,Yoruba in Nigeria
NA19256,ILLUMINA,Yoruba in Nigeria
NA11933,ILLUMINA,Utah Residents (CEPH) with Northern and Western European Ancestry
NA12046,ILLUMINA,Utah Residents (CEPH) with Northern and Western European Ancestry
NA12282,ILLUMINA,Utah Residents (CEPH) with Northern and Western European Ancestry
NA12283,ILLUMINA,Utah Residents (CEPH) with Northern and Western European Ancestry
NA12286,ILLUMINA,Utah Residents (CEPH) with Northern and Western European Ancestry
NA12748,ILLUMINA,Utah Residents (CEPH) with Northern and Western European Ancestry
NA12843,ILLUMINA,Utah Residents (CEPH) with Northern and Western European Ancestry
NA12889,ILLUMINA,Utah Residents (CEPH) with Northern and Western European Ancestry
NA12890,ILLUMINA,Utah Residents (CEPH) with Northern and Western European Ancestry
NA20507,ILLUMINA,Toscani in Italy
NA20503,ILLUMINA,Toscani in Italy
NA20514,ILLUMINA,Toscani in Italy
NA12827,ILLUMINA,Utah Residents (CEPH) with Northern and Western European Ancestry
NA12829,ILLUMINA,Utah Residents (CEPH) with Northern and Western European Ancestry
NA12830,ILLUMINA,Utah Residents (CEPH) with Northern and Western European Ancestry
NA12842,ILLUMINA,Utah Residents (CEPH) with Northern and Western European Ancestry
NA11930,ILLUMINA,Utah Residents (CEPH) with Northern and Western European Ancestry
NA11932,ILLUMINA,Utah Residents (CEPH) with Northern and Western European Ancestry
NA18632,ILLUMINA,Han Chinese in Beijing
NA18624,ILLUMINA,Han Chinese in Beijing
NA18633,ILLUMINA,Han Chinese in Beijing
NA18611,ILLUMINA,Han Chinese in Beijing
NA18612,ILLUMINA,Han Chinese in Beijing
NA18620,ILLUMINA,Han Chinese in Beijing
NA18621,ILLUMINA,Han Chinese in Beijing
NA18622,ILLUMINA,Han Chinese in Beijing
NA18636,ILLUMINA,Han Chinese in Beijing
NA18623,ILLUMINA,Han Chinese in Beijing
NA19443,ILLUMINA,Luhya in Kenya
NA19462,ILLUMINA,Luhya in Kenya
NA19429,ILLUMINA,Luhya in Kenya
NA19438,ILLUMINA,Luhya in Kenya
NA19437,ILLUMINA,Luhya in Kenya
NA19313,ILLUMINA,Luhya in Kenya
NA19440,ILLUMINA,Luhya in Kenya
NA19439,ILLUMINA,Luhya in Kenya
NA19436,ILLUMINA,Luhya in Kenya
NA19467,ILLUMINA,Luhya in Kenya
NA19311,ILLUMINA,Luhya in Kenya
NA19451,ILLUMINA,Luhya in Kenya
NA19463,ILLUMINA,Luhya in Kenya
NA19457,ILLUMINA,Luhya in Kenya
NA19445,ILLUMINA,Luhya in Kenya
NA19435,ILLUMINA,Luhya in Kenya
NA19466,ILLUMINA,Luhya in Kenya
NA19452,ILLUMINA,Luhya in Kenya
NA19469,ILLUMINA,Luhya in Kenya
NA19446,ILLUMINA,Luhya in Kenya
NA19448,ILLUMINA,Luhya in Kenya
NA19449,ILLUMINA,Luhya in Kenya
NA19455,ILLUMINA,Luhya in Kenya
NA19083,ILLUMINA,Japanese in Tokyo
NA18977,ILLUMINA,Japanese in Tokyo
NA18987,ILLUMINA,Japanese in Tokyo
NA19010,ILLUMINA,Japanese in Tokyo
NA19002,ILLUMINA,Japanese in Tokyo
NA19084,ILLUMINA,Japanese in Tokyo
NA19079,ILLUMINA,Japanese in Tokyo
NA18991,ILLUMINA,Japanese in Tokyo
NA19077,ILLUMINA,Japanese in Tokyo
NA19078,ILLUMINA,Japanese in Tokyo
NA18963,ILLUMINA,Japanese in Tokyo
NA19076,ILLUMINA,Japanese in Tokyo
NA19075,ILLUMINA,Japanese in Tokyo
NA19074,ILLUMINA,Japanese in Tokyo
NA19009,ILLUMINA,Japanese in Tokyo
NA19085,ILLUMINA,Japanese in Tokyo
NA18990,ILLUMINA,Japanese in Tokyo
NA19072,ILLUMINA,Japanese in Tokyo
NA18615,ILLUMINA,Han Chinese in Beijing
NA18616,ILLUMINA,Han Chinese in Beijing
NA18619,ILLUMINA,Han Chinese in Beijing
NA18631,ILLUMINA,Han Chinese in Beijing
NA18617,ILLUMINA,Han Chinese in Beijing
NA18627,ILLUMINA,Han Chinese in Beijing
NA18626,ILLUMINA,Han Chinese in Beijing
NA18628,ILLUMINA,Han Chinese in Beijing
NA18618,ILLUMINA,Han Chinese in Beijing
NA18630,ILLUMINA,Han Chinese in Beijing
NA18614,ILLUMINA,Han Chinese in Beijing
NA12275,ILLUMINA,Utah Residents (CEPH) with Northern and Western European Ancestry
NA19355,ILLUMINA,Luhya in Kenya
NA19359,ILLUMINA,Luhya in Kenya
NA19360,ILLUMINA,Luhya in Kenya
NA19371,ILLUMINA,Luhya in Kenya
NA19372,ILLUMINA,Luhya in Kenya
NA19375,ILLUMINA,Luhya in Kenya
NA19376,ILLUMINA,Luhya in Kenya
NA19377,ILLUMINA,Luhya in Kenya
NA19379,ILLUMINA,Luhya in Kenya
NA19381,ILLUMINA,Luhya in Kenya
NA19382,ILLUMINA,Luhya in Kenya
NA19383,ILLUMINA,Luhya in Kenya
NA19384,ILLUMINA,Luhya in Kenya
NA19385,ILLUMINA,Luhya in Kenya
NA19390,ILLUMINA,Luhya in Kenya
NA19391,ILLUMINA,Luhya in Kenya
NA19393,ILLUMINA,Luhya in Kenya
NA19394,ILLUMINA,Luhya in Kenya
NA19395,ILLUMINA,Luhya in Kenya
NA19397,ILLUMINA,Luhya in Kenya
NA19398,ILLUMINA,Luhya in Kenya
NA19399,ILLUMINA,Luhya in Kenya
NA19401,ILLUMINA,Luhya in Kenya
NA19404,ILLUMINA,Luhya in Kenya
NA19428,ILLUMINA,Luhya in Kenya
NA20532,ILLUMINA,Toscani in Italy
NA20814,ILLUMINA,Toscani in Italy
NA20536,ILLUMINA,Toscani in Italy
HG00565,ILLUMINA,Southern Han Chinese
HG00560,ILLUMINA,Southern Han Chinese
HG00577,ILLUMINA,Southern Han Chinese
HG00578,ILLUMINA,Southern Han Chinese
HG00592,ILLUMINA,Southern Han Chinese
HG00593,ILLUMINA,Southern Han Chinese
HG00596,ILLUMINA,Southern Han Chinese
HG00404,ILLUMINA,Southern Han Chinese
HG00610,ILLUMINA,Southern Han Chinese
HG00611,ILLUMINA,Southern Han Chinese
HG00625,ILLUMINA,Southern Han Chinese
HG00635,ILLUMINA,Southern Han Chinese
HG00634,ILLUMINA,Southern Han Chinese
HG00446,ABI_SOLID,Southern Han Chinese
HG00406,ABI_SOLID,Southern Han Chinese
HG00407,ABI_SOLID,Southern Han Chinese
HG00445,ABI_SOLID,Southern Han Chinese
HG00452,ABI_SOLID,Southern Han Chinese
HG00457,ABI_SOLID,Southern Han Chinese
NA20526,ILLUMINA,Toscani in Italy
NA19444,ILLUMINA,Luhya in Kenya
NA19434,ILLUMINA,Luhya in Kenya
NA19456,ILLUMINA,Luhya in Kenya
NA18941,ILLUMINA,Japanese in Tokyo
NA19082,ILLUMINA,Japanese in Tokyo
HG00171,ILLUMINA,Finnish in Finland
HG00174,ILLUMINA,Finnish in Finland
HG00190,ILLUMINA,Finnish in Finland
HG00188,ILLUMINA,Finnish in Finland
HG00189,ILLUMINA,Finnish in Finland
HG00176,ILLUMINA,Finnish in Finland
HG00270,ILLUMINA,Finnish in Finland
HG00178,ILLUMINA,Finnish in Finland
HG00181,ILLUMINA,Finnish in Finland
HG00266,ILLUMINA,Finnish in Finland
HG00267,ILLUMINA,Finnish in Finland
HG00173,ILLUMINA,Finnish in Finland
HG00177,ILLUMINA,Finnish in Finland
HG00180,ILLUMINA,Finnish in Finland
HG00183,ILLUMINA,Finnish in Finland
HG00179,ILLUMINA,Finnish in Finland
HG00377,ILLUMINA,Finnish in Finland
HG00380,ILLUMINA,Finnish in Finland
HG00306,ILLUMINA,Finnish in Finland
HG00311,ILLUMINA,Finnish in Finland
HG00312,ILLUMINA,Finnish in Finland
HG00357,ILLUMINA,Finnish in Finland
HG00361,ILLUMINA,Finnish in Finland
HG00559,ILLUMINA,Southern Han Chinese
HG00566,ILLUMINA,Southern Han Chinese
HG00403,ILLUMINA,Southern Han Chinese
HG00626,ILLUMINA,Southern Han Chinese
HG00628,ILLUMINA,Southern Han Chinese
HG00629,ILLUMINA,Southern Han Chinese
HG00151,ILLUMINA,British in England and Scotland
HG00153,ILLUMINA,British in England and Scotland
HG00156,ILLUMINA,British in England and Scotland
HG00098,ILLUMINA,British in England and Scotland
HG00152,ILLUMINA,British in England and Scotland
HG00106,ILLUMINA,British in England and Scotland
HG00242,ILLUMINA,British in England and Scotland
HG00114,ILLUMINA,British in England and Scotland
HG00150,ILLUMINA,British in England and Scotland
HG00100,ILLUMINA,British in England and Scotland
HG00142,ILLUMINA,British in England and Scotland
HG00239,ILLUMINA,British in England and Scotland
HG00149,ILLUMINA,British in England and Scotland
HG00141,ILLUMINA,British in England and Scotland
HG00147,ILLUMINA,British in England and Scotland
HG00112,ILLUMINA,British in England and Scotland
HG00126,ILLUMINA,British in England and Scotland
HG00231,ILLUMINA,British in England and Scotland
HG00244,ILLUMINA,British in England and Scotland
HG00265,ILLUMINA,British in England and Scotland
HG00143,ILLUMINA,British in England and Scotland
HG00144,ILLUMINA,British in England and Scotland
HG00148,ILLUMINA,British in England and Scotland
HG00118,ILLUMINA,British in England and Scotland
HG00243,ILLUMINA,British in England and Scotland
HG00122,ILLUMINA,British in England and Scotland
HG00247,ILLUMINA,British in England and Scotland
NA18634,ILLUMINA,Han Chinese in Beijing
NA18625,ILLUMINA,Han Chinese in Beijing
HG00553,ILLUMINA,Puerto Rican in Puerto Rico
HG00637,ILLUMINA,Puerto Rican in Puerto Rico
HG00638,ILLUMINA,Puerto Rican in Puerto Rico
HG00554,ILLUMINA,Puerto Rican in Puerto Rico
HG00640,ILLUMINA,Puerto Rican in Puerto Rico
NA12273,ILLUMINA,Utah Residents (CEPH) with Northern and Western European Ancestry
NA12272,ILLUMINA,Utah Residents (CEPH) with Northern and Western European Ancestry
NA12718,ILLUMINA,Utah Residents (CEPH) with Northern and Western European Ancestry
HG00367,ILLUMINA,Finnish in Finland
HG00182,ILLUMINA,Finnish in Finland
HG00185,ILLUMINA,Finnish in Finland
HG00186,ILLUMINA,Finnish in Finland
HG00187,ILLUMINA,Finnish in Finland
HG00272,ILLUMINA,Finnish in Finland
HG00369,ILLUMINA,Finnish in Finland
HG00373,ILLUMINA,Finnish in Finland
HG00269,ILLUMINA,Finnish in Finland
HG00368,ILLUMINA,Finnish in Finland
NA20798,ILLUMINA,Toscani in Italy
NA19461,ILLUMINA,Luhya in Kenya
NA19312,ILLUMINA,Luhya in Kenya
NA19453,ILLUMINA,Luhya in Kenya
HG00366,ILLUMINA,Finnish in Finland
HG00308,ILLUMINA,Finnish in Finland
HG00372,ILLUMINA,Finnish in Finland
NA20357,ABI_SOLID,African Ancestry in Southwest US
NA20359,ABI_SOLID,African Ancestry in Southwest US
NA18528,ABI_SOLID,Han Chinese in Beijing
NA18531,ABI_SOLID,Han Chinese in Beijing
NA19352,ABI_SOLID,Luhya in Kenya
NA19351,ABI_SOLID,Luhya in Kenya
NA19175,ABI_SOLID,Yoruba in Nigeria
NA19753,ABI_SOLID,Mexican Ancestry in Los Angeles
NA19764,ABI_SOLID,Mexican Ancestry in Los Angeles
NA19374,ILLUMINA,Luhya in Kenya
NA19380,ILLUMINA,Luhya in Kenya
NA19373,ILLUMINA,Luhya in Kenya
NA19396,ILLUMINA,Luhya in Kenya
NA19403,ILLUMINA,Luhya in Kenya
HG00418,ILLUMINA,Southern Han Chinese
HG00419,ILLUMINA,Southern Han Chinese
HG00421,ILLUMINA,Southern Han Chinese
HG00422,ILLUMINA,Southern Han Chinese
HG00427,ILLUMINA,Southern Han Chinese
HG00428,ILLUMINA,Southern Han Chinese
HG00436,ILLUMINA,Southern Han Chinese
HG00437,ILLUMINA,Southern Han Chinese
HG00442,ILLUMINA,Southern Han Chinese
HG00443,ILLUMINA,Southern Han Chinese
HG00448,ILLUMINA,Southern Han Chinese
HG00449,ILLUMINA,Southern Han Chinese
HG00472,ILLUMINA,Southern Han Chinese
HG00473,ILLUMINA,Southern Han Chinese
HG00475,ILLUMINA,Southern Han Chinese
HG00476,ILLUMINA,Southern Han Chinese
HG00478,ILLUMINA,Southern Han Chinese
HG00479,ILLUMINA,Southern Han Chinese
HG00512,ILLUMINA,Southern Han Chinese
HG00513,ILLUMINA,Southern Han Chinese
HG00524,ILLUMINA,Southern Han Chinese
HG00525,ILLUMINA,Southern Han Chinese
HG00530,ILLUMINA,Southern Han Chinese
HG00531,ILLUMINA,Southern Han Chinese
HG00536,ILLUMINA,Southern Han Chinese
HG00537,ILLUMINA,Southern Han Chinese
HG00542,ILLUMINA,Southern Han Chinese
HG00543,ILLUMINA,Southern Han Chinese
HG00556,ILLUMINA,Southern Han Chinese
HG00557,ILLUMINA,Southern Han Chinese
HG00125,ILLUMINA,British in England and Scotland
HG00136,ILLUMINA,British in England and Scotland
HG00137,ILLUMINA,British in England and Scotland
HG00138,ILLUMINA,British in England and Scotland
HG00139,ILLUMINA,British in England and Scotland
HG00140,ILLUMINA,British in England and Scotland
HG00232,ILLUMINA,British in England and Scotland
HG00236,ILLUMINA,British in England and Scotland
HG00237,ILLUMINA,British in England and Scotland
HG00249,ILLUMINA,British in England and Scotland
HG00252,ILLUMINA,British in England and Scotland
HG00253,ILLUMINA,British in England and Scotland
HG00254,ILLUMINA,British in England and Scotland
HG00256,ILLUMINA,British in England and Scotland
HG00257,ILLUMINA,British in England and Scotland
HG00259,ILLUMINA,British in England and Scotland
HG00260,ILLUMINA,British in England and Scotland
HG00261,ILLUMINA,British in England and Scotland
HG00263,ILLUMINA,British in England and Scotland
HG00268,ILLUMINA,Finnish in Finland
HG00271,ILLUMINA,Finnish in Finland
HG00273,ILLUMINA,Finnish in Finland
HG00309,ILLUMINA,Finnish in Finland
HG00313,ILLUMINA,Finnish in Finland
HG00315,ILLUMINA,Finnish in Finland
HG00318,ILLUMINA,Finnish in Finland
HG00319,ILLUMINA,Finnish in Finland
HG00320,ILLUMINA,Finnish in Finland
HG00321,ILLUMINA,Finnish in Finland
HG00323,ILLUMINA,Finnish in Finland
HG00327,ILLUMINA,Finnish in Finland
HG00335,ILLUMINA,Finnish in Finland
HG00336,ILLUMINA,Finnish in Finland
HG00337,ILLUMINA,Finnish in Finland
HG00338,ILLUMINA,Finnish in Finland
HG00339,ILLUMINA,Finnish in Finland
HG00342,ILLUMINA,Finnish in Finland
HG00343,ILLUMINA,Finnish in Finland
HG00344,ILLUMINA,Finnish in Finland
HG00345,ILLUMINA,Finnish in Finland
HG00346,ILLUMINA,Finnish in Finland
HG00353,ILLUMINA,Finnish in Finland
NA19081,ILLUMINA,Japanese in Tokyo
NA19080,ILLUMINA,Japanese in Tokyo
NA20766,ILLUMINA,Toscani in Italy
NA19468,ILLUMINA,Luhya in Kenya
NA19470,ILLUMINA,Luhya in Kenya
NA19431,ILLUMINA,Luhya in Kenya
NA19430,ILLUMINA,Luhya in Kenya
HG01356,ILLUMINA,Colombian in Medellin
HG01357,ILLUMINA,Colombian in Medellin
HG01377,ILLUMINA,Colombian in Medellin
HG01378,ILLUMINA,Colombian in Medellin
HG01383,ILLUMINA,Colombian in Medellin
HG01384,ILLUMINA,Colombian in Medellin
HG00375,ILLUMINA,Finnish in Finland
HG00154,ILLUMINA,British in England and Scotland
HG00246,ILLUMINA,British in England and Scotland
HG00250,ILLUMINA,British in England and Scotland
HG00251,ILLUMINA,British in England and Scotland
HG00274,ILLUMINA,Finnish in Finland
HG00275,ILLUMINA,Finnish in Finland
HG00276,ILLUMINA,Finnish in Finland
HG00277,ILLUMINA,Finnish in Finland
HG00278,ILLUMINA,Finnish in Finland
HG00280,ILLUMINA,Finnish in Finland
HG00281,ILLUMINA,Finnish in Finland
HG00282,ILLUMINA,Finnish in Finland
HG00284,ILLUMINA,Finnish in Finland
HG00285,ILLUMINA,Finnish in Finland
HG00310,ILLUMINA,Finnish in Finland
HG00324,ILLUMINA,Finnish in Finland
HG00325,ILLUMINA,Finnish in Finland
HG00326,ILLUMINA,Finnish in Finland
HG00329,ILLUMINA,Finnish in Finland
HG00330,ILLUMINA,Finnish in Finland
HG00331,ILLUMINA,Finnish in Finland
HG01051,ILLUMINA,Puerto Rican in Puerto Rico
HG01052,ILLUMINA,Puerto Rican in Puerto Rico
HG01060,ILLUMINA,Puerto Rican in Puerto Rico
HG01061,ILLUMINA,Puerto Rican in Puerto Rico
HG01069,ILLUMINA,Puerto Rican in Puerto Rico
HG01070,ILLUMINA,Puerto Rican in Puerto Rico
HG01072,ILLUMINA,Puerto Rican in Puerto Rico
HG01073,ILLUMINA,Puerto Rican in Puerto Rico
HG01082,ILLUMINA,Puerto Rican in Puerto Rico
HG01083,ILLUMINA,Puerto Rican in Puerto Rico
HG01334,ILLUMINA,British in England and Scotland
HG00101,ABI_SOLID,British in England and Scotland
HG00113,ABI_SOLID,British in England and Scotland
HG00121,ABI_SOLID,British in England and Scotland
HG00110,ABI_SOLID,British in England and Scotland
HG00341,ABI_SOLID,Finnish in Finland
HG00383,ABI_SOLID,Finnish in Finland
HG00381,ABI_SOLID,Finnish in Finland
HG00376,ABI_SOLID,Finnish in Finland
HG01104,ABI_SOLID,Puerto Rican in Puerto Rico
HG00332,ABI_SOLID,Finnish in Finland
HG00378,ABI_SOLID,Finnish in Finland
HG00382,ABI_SOLID,Finnish in Finland
HG01105,ABI_SOLID,Puerto Rican in Puerto Rico
HG01085,ABI_SOLID,Puerto Rican in Puerto Rico
HG00108,ILLUMINA,British in England and Scotland
HG00111,ILLUMINA,British in England and Scotland
HG00328,ILLUMINA,Finnish in Finland
HG00334,ILLUMINA,Finnish in Finland
HG01107,ILLUMINA,Puerto Rican in Puerto Rico
HG01108,ILLUMINA,Puerto Rican in Puerto Rico
HG01170,ILLUMINA,Puerto Rican in Puerto Rico
HG01171,ILLUMINA,Puerto Rican in Puerto Rico
HG01173,ILLUMINA,Puerto Rican in Puerto Rico
HG01174,ILLUMINA,Puerto Rican in Puerto Rico
HG01350,ILLUMINA,Colombian in Medellin
HG01351,ILLUMINA,Colombian in Medellin
HG01353,ILLUMINA,Colombian in Medellin
HG01354,ILLUMINA,Colombian in Medellin
HG01365,ILLUMINA,Colombian in Medellin
HG01366,ILLUMINA,Colombian in Medellin
HG01374,ILLUMINA,Colombian in Medellin
HG01375,ILLUMINA,Colombian in Medellin
HG01389,ILLUMINA,Colombian in Medellin
HG01390,ILLUMINA,Colombian in Medellin
HG00102,ABI_SOLID,British in England and Scotland
HG00134,ABI_SOLID,British in England and Scotland
HG00109,ABI_SOLID,British in England and Scotland
HG00135,ABI_SOLID,British in England and Scotland
HG00238,ABI_SOLID,British in England and Scotland
HG00240,ABI_SOLID,British in England and Scotland
HG00255,ABI_SOLID,British in England and Scotland
HG00359,ABI_SOLID,Finnish in Finland
HG01257,ABI_SOLID,Colombian in Medellin
HG01259,ABI_SOLID,Colombian in Medellin
HG00360,ABI_SOLID,Finnish in Finland
NA18606,ILLUMINA,Han Chinese in Beijing
NA18635,ILLUMINA,Han Chinese in Beijing
NA18637,ILLUMINA,Han Chinese in Beijing
HG01133,ILLUMINA,Colombian in Medellin
HG01134,ILLUMINA,Colombian in Medellin
HG01136,ILLUMINA,Colombian in Medellin
HG01125,ILLUMINA,Colombian in Medellin
HG01137,ILLUMINA,Colombian in Medellin
HG01149,ILLUMINA,Colombian in Medellin
HG01124,ILLUMINA,Colombian in Medellin
HG01140,ILLUMINA,Colombian in Medellin
HG01148,ILLUMINA,Colombian in Medellin
HG00362,ABI_SOLID,Finnish in Finland
HG00364,ABI_SOLID,Finnish in Finland
HG00384,ABI_SOLID,Finnish in Finland
HG00145,ILLUMINA,British in England and Scotland
NA19089,ILLUMINA,Japanese in Tokyo
NA19320,ILLUMINA,Luhya in Kenya
NA19475,ILLUMINA,Luhya in Kenya
NA18864,ILLUMINA,Yoruba in Nigeria
NA18865,ILLUMINA,Yoruba in Nigeria
NA18876,ILLUMINA,Yoruba in Nigeria
NA18877,ILLUMINA,Yoruba in Nigeria
NA18881,ILLUMINA,Yoruba in Nigeria
NA18915,ILLUMINA,Yoruba in Nigeria
NA19037,ILLUMINA,Luhya in Kenya
NA19042,ILLUMINA,Luhya in Kenya
NA20511,ILLUMINA,Toscani in Italy
NA20762,ILLUMINA,Toscani in Italy
NA20764,ILLUMINA,Toscani in Italy
NA12812,LS454,Utah Residents (CEPH) with Northern and Western European Ancestry
NA12814,LS454,Utah Residents (CEPH) with Northern and Western European Ancestry
NA12815,LS454,Utah Residents (CEPH) with Northern and Western European Ancestry
NA12872,LS454,Utah Residents (CEPH) with Northern and Western European Ancestry
NA12874,LS454,Utah Residents (CEPH) with Northern and Western European Ancestry
NA12873,LS454,Utah Residents (CEPH) with Northern and Western European Ancestry
NA06994,ILLUMINA,Utah Residents (CEPH) with Northern and Western European Ancestry
NA18968,ILLUMINA,Japanese in Tokyo
NA12813,ILLUMINA,Utah Residents (CEPH) with Northern and Western European Ancestry
NA19200,ILLUMINA,Yoruba in Nigeria
NA18498,ILLUMINA,Yoruba in Nigeria
NA18522,ILLUMINA,Yoruba in Nigeria
NA18856,ILLUMINA,Yoruba in Nigeria
NA11920,ILLUMINA,Utah Residents (CEPH) with Northern and Western European Ancestry
NA12155,ILLUMINA,Utah Residents (CEPH) with Northern and Western European Ancestry
NA12003,ILLUMINA,Utah Residents (CEPH) with Northern and Western European Ancestry
NA11992,ILLUMINA,Utah Residents (CEPH) with Northern and Western European Ancestry
NA18489,ILLUMINA,Yoruba in Nigeria
NA19102,ILLUMINA,Yoruba in Nigeria
NA18519,ILLUMINA,Yoruba in Nigeria
NA18960,ILLUMINA,Japanese in Tokyo
NA12045,ILLUMINA,Utah Residents (CEPH) with Northern and Western European Ancestry
NA11830,ILLUMINA,Utah Residents (CEPH) with Northern and Western European Ancestry
NA11994,ILLUMINA,Utah Residents (CEPH) with Northern and Western European Ancestry
NA11918,ILLUMINA,Utah Residents (CEPH) with Northern and Western European Ancestry
NA18961,ILLUMINA,Japanese in Tokyo
NA07346,ILLUMINA,Utah Residents (CEPH) with Northern and Western European Ancestry
NA11831,ILLUMINA,Utah Residents (CEPH) with Northern and Western European Ancestry
NA06986,ILLUMINA,Utah Residents (CEPH) with Northern and Western European Ancestry
NA11832,ILLUMINA,Utah Residents (CEPH) with Northern and Western European Ancestry
NA11829,ILLUMINA,Utah Residents (CEPH) with Northern and Western European Ancestry
NA18516,ILLUMINA,Yoruba in Nigeria
NA18953,ILLUMINA,Japanese in Tokyo
NA18510,ILLUMINA,Yoruba in Nigeria
NA18853,ILLUMINA,Yoruba in Nigeria
NA18871,ILLUMINA,Yoruba in Nigeria
NA18486,ILLUMINA,Yoruba in Nigeria
NA18499,ILLUMINA,Yoruba in Nigeria
NA18967,ILLUMINA,Japanese in Tokyo
NA18959,ILLUMINA,Japanese in Tokyo
NA18964,ILLUMINA,Japanese in Tokyo
NA19184,LS454,Yoruba in Nigeria
NA18975,ILLUMINA,Japanese in Tokyo
NA19119,ILLUMINA,Yoruba in Nigeria
NA18976,ILLUMINA,Japanese in Tokyo
NA19204,ILLUMINA,Yoruba in Nigeria
NA18972,ILLUMINA,Japanese in Tokyo
NA18974,ILLUMINA,Japanese in Tokyo
NA19159,ILLUMINA,Yoruba in Nigeria
NA18969,LS454,Japanese in Tokyo
NA19160,ILLUMINA,Yoruba in Nigeria
NA19153,ILLUMINA,Yoruba in Nigeria
NA19207,ILLUMINA,Yoruba in Nigeria
NA19131,ILLUMINA,Yoruba in Nigeria
NA18971,ILLUMINA,Japanese in Tokyo
NA19144,ILLUMINA,Yoruba in Nigeria
NA19209,ILLUMINA,Yoruba in Nigeria
NA19098,ILLUMINA,Yoruba in Nigeria
NA19152,ILLUMINA,Yoruba in Nigeria
NA18981,ILLUMINA,Japanese in Tokyo
NA19116,ILLUMINA,Yoruba in Nigeria
NA18520,ILLUMINA,Yoruba in Nigeria
NA19172,ILLUMINA,Yoruba in Nigeria
NA07347,ILLUMINA,Utah Residents (CEPH) with Northern and Western European Ancestry
NA11840,LS454,Utah Residents (CEPH) with Northern and Western European Ancestry
NA18979,LS454,Japanese in Tokyo
NA19181,LS454,Yoruba in Nigeria
NA18992,LS454,Japanese in Tokyo
NA18993,LS454,Japanese in Tokyo
NA18994,LS454,Japanese in Tokyo
NA18997,LS454,Japanese in Tokyo
NA18998,LS454,Japanese in Tokyo
NA19001,LS454,Japanese in Tokyo
NA06984,LS454,Utah Residents (CEPH) with Northern and Western European Ancestry
NA12154,ILLUMINA,Utah Residents (CEPH) with Northern and Western European Ancestry
NA11919,ILLUMINA,Utah Residents (CEPH) with Northern and Western European Ancestry
NA19065,ILLUMINA,Japanese in Tokyo
NA12005,ILLUMINA,Utah Residents (CEPH) with Northern and Western European Ancestry
NA17969,LS454,Chinese in Metropolitan Denver
NA19350,LS454,Luhya in Kenya
NA19328,LS454,Luhya in Kenya
NA19027,LS454,Luhya in Kenya
NA19028,LS454,Luhya in Kenya
NA19334,LS454,Luhya in Kenya
NA19146,LS454,Yoruba in Nigeria
NA19149,LS454,Yoruba in Nigeria
NA19317,LS454,Luhya in Kenya
NA19331,LS454,Luhya in Kenya
NA18957,LS454,Japanese in Tokyo
NA19150,LS454,Yoruba in Nigeria
NA19121,LS454,Yoruba in Nigeria
NA19122,LS454,Yoruba in Nigeria
NA12760,ABI_SOLID,Utah Residents (CEPH) with Northern and Western European Ancestry
NA18970,LS454,Japanese in Tokyo
NA19141,LS454,Yoruba in Nigeria
NA19143,LS454,Yoruba in Nigeria
NA18939,LS454,Japanese in Tokyo
NA18955,LS454,Japanese in Tokyo
NA18157,LS454,Chinese in Metropolitan Denver
NA18160,LS454,Chinese in Metropolitan Denver
NA18161,LS454,Chinese in Metropolitan Denver
NA19324,LS454,Luhya in Kenya
NA17971,LS454,Chinese in Metropolitan Denver
NA19031,LS454,Luhya in Kenya
NA17963,LS454,Chinese in Metropolitan Denver
NA17965,LS454,Chinese in Metropolitan Denver
NA17967,LS454,Chinese in Metropolitan Denver
NA19346,LS454,Luhya in Kenya
NA19347,LS454,Luhya in Kenya
NA19035,LS454,Luhya in Kenya
NA19041,LS454,Luhya in Kenya
NA17980,LS454,Chinese in Metropolitan Denver
NA17981,LS454,Chinese in Metropolitan Denver
NA17982,LS454,Chinese in Metropolitan Denver
NA17983,LS454,Chinese in Metropolitan Denver
NA17988,LS454,Chinese in Metropolitan Denver
NA18151,LS454,Chinese in Metropolitan Denver
NA18152,LS454,Chinese in Metropolitan Denver
NA18156,LS454,Chinese in Metropolitan Denver
NA18155,LS454,Chinese in Metropolitan Denver
NA18163,LS454,Chinese in Metropolitan Denver
NA18166,LS454,Chinese in Metropolitan Denver
NA17976,LS454,Chinese in Metropolitan Denver
NA18124,LS454,Chinese in Metropolitan Denver
NA18132,LS454,Chinese in Metropolitan Denver
NA18134,LS454,Chinese in Metropolitan Denver
NA18122,LS454,Chinese in Metropolitan Denver
NA18127,LS454,Chinese in Metropolitan Denver
NA18117,LS454,Chinese in Metropolitan Denver
NA12762,ABI_SOLID,Utah Residents (CEPH) with Northern and Western European Ancestry
NA17962,LS454,Chinese in Metropolitan Denver
NA18146,LS454,Chinese in Metropolitan Denver
NA17977,LS454,Chinese in Metropolitan Denver
NA19046,LS454,Luhya in Kenya
NA18115,LS454,Chinese in Metropolitan Denver
NA18108,LS454,Chinese in Metropolitan Denver
NA18130,LS454,Chinese in Metropolitan Denver
NA18103,LS454,Chinese in Metropolitan Denver
NA19473,LS454,Luhya in Kenya
NA18149,LS454,Chinese in Metropolitan Denver
NA18541,LS454,Han Chinese in Beijing
NA18644,LS454,Han Chinese in Beijing
NA18648,LS454,Han Chinese in Beijing
NA17979,LS454,Chinese in Metropolitan Denver
NA18535,LS454,Han Chinese in Beijing
NA19068,ILLUMINA,Japanese in Tokyo
NA18707,ILLUMINA,Chinese in Metropolitan Denver
NA18950,ILLUMINA,Japanese in Tokyo
NA19000,ILLUMINA,Japanese in Tokyo
NA19213,ILLUMINA,Yoruba in Nigeria
NA19058,ILLUMINA,Japanese in Tokyo
NA19064,ILLUMINA,Japanese in Tokyo
NA19067,ILLUMINA,Japanese in Tokyo
NA18908,ILLUMINA,Yoruba in Nigeria
NA19247,ILLUMINA,Yoruba in Nigeria
NA19059,ILLUMINA,Japanese in Tokyo
NA18488,ILLUMINA,Yoruba in Nigeria
NA18487,ILLUMINA,Yoruba in Nigeria
NA18868,ILLUMINA,Yoruba in Nigeria
NA19092,ILLUMINA,Yoruba in Nigeria
NA18757,ILLUMINA,Han Chinese in Beijing
NA18867,ILLUMINA,Yoruba in Nigeria
NA18745,ILLUMINA,Han Chinese in Beijing
NA18669,ILLUMINA,Chinese in Metropolitan Denver
NA18702,ILLUMINA,Chinese in Metropolitan Denver
NA07048,ILLUMINA,Utah Residents (CEPH) with Northern and Western European Ancestry
NA18164,ILLUMINA,Chinese in Metropolitan Denver
NA18740,ILLUMINA,Han Chinese in Beijing
NA18647,ILLUMINA,Han Chinese in Beijing
NA18747,ILLUMINA,Han Chinese in Beijing
NA19062,ILLUMINA,Japanese in Tokyo
NA19060,ILLUMINA,Japanese in Tokyo
NA19236,ILLUMINA,Yoruba in Nigeria
NA19070,ILLUMINA,Japanese in Tokyo
NA19130,ILLUMINA,Yoruba in Nigeria
NA19007,ILLUMINA,Japanese in Tokyo
NA18999,ILLUMINA,Japanese in Tokyo
NA18685,ILLUMINA,Chinese in Metropolitan Denver
NA18145,ILLUMINA,Chinese in Metropolitan Denver
NA18692,ILLUMINA,Chinese in Metropolitan Denver
NA18697,ILLUMINA,Chinese in Metropolitan Denver
NA18694,ILLUMINA,Chinese in Metropolitan Denver
NA18116,ILLUMINA,Chinese in Metropolitan Denver
NA18123,ILLUMINA,Chinese in Metropolitan Denver
NA18119,ILLUMINA,Chinese in Metropolitan Denver
NA18985,ILLUMINA,Japanese in Tokyo
NA18986,ILLUMINA,Japanese in Tokyo
NA19248,ILLUMINA,Yoruba in Nigeria
NA19235,ILLUMINA,Yoruba in Nigeria
NA19057,ILLUMINA,Japanese in Tokyo
NA19063,ILLUMINA,Japanese in Tokyo
NA18640,ILLUMINA,Han Chinese in Beijing
NA18910,ILLUMINA,Yoruba in Nigeria
NA19003,ILLUMINA,Japanese in Tokyo
NA19056,ILLUMINA,Japanese in Tokyo
NA19055,ILLUMINA,Japanese in Tokyo
NA18874,ILLUMINA,Yoruba in Nigeria
NA18708,ILLUMINA,Chinese in Metropolitan Denver
NA19012,ILLUMINA,Japanese in Tokyo
NA18642,ILLUMINA,Han Chinese in Beijing
NA18982,ILLUMINA,Japanese in Tokyo
NA18675,ILLUMINA,Chinese in Metropolitan Denver
NA18113,ILLUMINA,Chinese in Metropolitan Denver
NA18704,ILLUMINA,Chinese in Metropolitan Denver
NA18689,ILLUMINA,Chinese in Metropolitan Denver
NA18699,ILLUMINA,Chinese in Metropolitan Denver
NA19551,ILLUMINA,Japanese in Tokyo
NA20780,ILLUMINA,Toscani in Italy
NA19563,ILLUMINA,Japanese in Tokyo
NA19573,ILLUMINA,Japanese in Tokyo
NA19565,ILLUMINA,Japanese in Tokyo
NA19564,ILLUMINA,Japanese in Tokyo
NA19552,ILLUMINA,Japanese in Tokyo
NA20587,ILLUMINA,Toscani in Italy
NA19553,ILLUMINA,Japanese in Tokyo
NA19574,ILLUMINA,Japanese in Tokyo
NA18691,ILLUMINA,Chinese in Metropolitan Denver
NA18696,ILLUMINA,Chinese in Metropolitan Denver
NA19572,ILLUMINA,Japanese in Tokyo
NA19568,ILLUMINA,Japanese in Tokyo
NA19548,ILLUMINA,Japanese in Tokyo
NA18674,ILLUMINA,Chinese in Metropolitan Denver
NA18983,ILLUMINA,Japanese in Tokyo
NA18984,ILLUMINA,Japanese in Tokyo
NA18645,ILLUMINA,Han Chinese in Beijing
NA19066,ILLUMINA,Japanese in Tokyo
NA19054,ILLUMINA,Japanese in Tokyo
NA19560,ILLUMINA,Japanese in Tokyo
NA19561,ILLUMINA,Japanese in Tokyo
NA19558,ILLUMINA,Japanese in Tokyo
NA19556,ILLUMINA,Japanese in Tokyo
NA19546,ILLUMINA,Japanese in Tokyo
NA19570,ILLUMINA,Japanese in Tokyo
NA18989,ILLUMINA,Japanese in Tokyo
NA18988,ILLUMINA,Japanese in Tokyo
NA19182,LS454,Yoruba in Nigeria
NA19185,LS454,Yoruba in Nigeria
NA19214,LS454,Yoruba in Nigeria
NA18962,LS454,Japanese in Tokyo
NA06989,LS454,Utah Residents (CEPH) with Northern and Western European Ancestry
NA12058,LS454,Utah Residents (CEPH) with Northern and Western European Ancestry
NA12340,LS454,Utah Residents (CEPH) with Northern and Western European Ancestry
NA12341,LS454,Utah Residents (CEPH) with Northern and Western European Ancestry
NA12342,LS454,Utah Residents (CEPH) with Northern and Western European Ancestry
NA19118,LS454,Yoruba in Nigeria
NA19020,LS454,Luhya in Kenya
NA17987,LS454,Chinese in Metropolitan Denver
NA18133,LS454,Chinese in Metropolitan Denver
NA18106,LS454,Chinese in Metropolitan Denver
NA19471,LS454,Luhya in Kenya
NA18107,LS454,Chinese in Metropolitan Denver
NA19472,LS454,Luhya in Kenya
NA18763,LS454,Han Chinese in Beijing
NA18764,LS454,Han Chinese in Beijing
NA18767,LS454,Han Chinese in Beijing
NA18771,LS454,Han Chinese in Beijing
NA18580,LS454,Han Chinese in Beijing
NA18583,LS454,Han Chinese in Beijing
NA18649,LS454,Han Chinese in Beijing
NA18739,LS454,Han Chinese in Beijing
NA18741,LS454,Han Chinese in Beijing
NA18753,LS454,Han Chinese in Beijing
NA18755,LS454,Han Chinese in Beijing
NA18760,LS454,Han Chinese in Beijing
NA18743,LS454,Han Chinese in Beijing
NA18756,LS454,Han Chinese in Beijing
NA18758,LS454,Han Chinese in Beijing
NA19030,LS454,Luhya in Kenya
NA17990,LS454,Chinese in Metropolitan Denver
NA18141,LS454,Chinese in Metropolitan Denver
NA19454,LS454,Luhya in Kenya
NA19095,LS454,Yoruba in Nigeria
NA19096,LS454,Yoruba in Nigeria
NA19113,LS454,Yoruba in Nigeria
NA18995,LS454,Japanese in Tokyo
NA19196,LS454,Yoruba in Nigeria
NA18770,LS454,Han Chinese in Beijing
NA19402,LS454,Luhya in Kenya
NA19163,LS454,Yoruba in Nigeria
NA19156,LS454,Yoruba in Nigeria
NA19229,LS454,Yoruba in Nigeria
NA18873,ILLUMINA,Yoruba in Nigeria
NA18749,ILLUMINA,Han Chinese in Beijing
NA18138,LS454,Chinese in Metropolitan Denver
NA18574,LS454,Han Chinese in Beijing
NA19432,LS454,Luhya in Kenya
NA19266,LS454,Yoruba in Nigeria
NA19253,LS454,Yoruba in Nigeria
NA19262,LS454,Yoruba in Nigeria
NA17986,LS454,Chinese in Metropolitan Denver
NA19179,LS454,Yoruba in Nigeria
NA18105,LS454,Chinese in Metropolitan Denver
NA18112,LS454,Chinese in Metropolitan Denver
NA18525,LS454,Han Chinese in Beijing
NA18560,LS454,Han Chinese in Beijing
NA18569,LS454,Han Chinese in Beijing
NA18598,LS454,Han Chinese in Beijing
NA18742,LS454,Han Chinese in Beijing
NA18744,LS454,Han Chinese in Beijing
NA18779,LS454,Han Chinese in Beijing
NA18791,LS454,Han Chinese in Beijing
NA18629,LS454,Han Chinese in Beijing
NA18646,LS454,Han Chinese in Beijing
NA19039,LS454,Luhya in Kenya
NA19043,LS454,Luhya in Kenya
NA19026,LS454,Luhya in Kenya
NA19022,LS454,Luhya in Kenya
NA17989,LS454,Chinese in Metropolitan Denver
NA19135,LS454,Yoruba in Nigeria
NA19157,LS454,Yoruba in Nigeria
NA19187,LS454,Yoruba in Nigeria
NA19392,LS454,Luhya in Kenya
NA18140,LS454,Chinese in Metropolitan Denver
NA19133,LS454,Yoruba in Nigeria
NA18785,LS454,Han Chinese in Beijing
NA18109,LS454,Chinese in Metropolitan Denver
NA19308,LS454,Luhya in Kenya
NA18765,LS454,Han Chinese in Beijing
NA18773,LS454,Han Chinese in Beijing
NA12400,ILLUMINA,Utah Residents (CEPH) with Northern and Western European Ancestry
NA18917,ILLUMINA,Yoruba in Nigeria
NA18923,ILLUMINA,Yoruba in Nigeria
NA18924,ILLUMINA,Yoruba in Nigeria
NA19198,ILLUMINA,Yoruba in Nigeria
NA18933,ILLUMINA,Yoruba in Nigeria
NA11843,ILLUMINA,Utah Residents (CEPH) with Northern and Western European Ancestry
NA19004,ILLUMINA,Japanese in Tokyo
NA18934,ILLUMINA,Yoruba in Nigeria
NA19223,ILLUMINA,Yoruba in Nigeria
NA19319,LS454,Luhya in Kenya
NA19327,LS454,Luhya in Kenya
NA19332,LS454,Luhya in Kenya
NA19036,LS454,Luhya in Kenya
NA19044,LS454,Luhya in Kenya
NA18111,LS454,Chinese in Metropolitan Denver
NA18539,LS454,Han Chinese in Beijing
NA18761,LS454,Han Chinese in Beijing
NA18769,LS454,Han Chinese in Beijing
NA18591,LS454,Han Chinese in Beijing
NA18778,LS454,Han Chinese in Beijing
NA18538,LS454,Han Chinese in Beijing
NA18533,LS454,Han Chinese in Beijing
NA19474,LS454,Luhya in Kenya
NA19045,LS454,Luhya in Kenya
NA18790,LS454,Han Chinese in Beijing
NA19250,LS454,Yoruba in Nigeria
NA19220,LS454,Yoruba in Nigeria
NA19168,LS454,Yoruba in Nigeria
NA19162,LS454,Yoruba in Nigeria
NA19117,LS454,Yoruba in Nigeria
NA19318,LS454,Luhya in Kenya
NA19321,LS454,Luhya in Kenya
NA19307,LS454,Luhya in Kenya
NA18110,LS454,Chinese in Metropolitan Denver
NA18789,LS454,Han Chinese in Beijing
NA19023,LS454,Luhya in Kenya
NA19195,LS454,Yoruba in Nigeria
NA18794,LS454,Han Chinese in Beijing
NA19259,LS454,Yoruba in Nigeria
NA19260,LS454,Yoruba in Nigeria
NA19378,LS454,Luhya in Kenya
NA19310,LS454,Luhya in Kenya
NA19197,ILLUMINA,Yoruba in Nigeria
NA19086,ILLUMINA,Japanese in Tokyo
NA12399,ILLUMINA,Utah Residents (CEPH) with Northern and Western European Ancestry
NA19166,LS454,Yoruba in Nigeria
NA19216,LS454,Yoruba in Nigeria
NA19217,LS454,Yoruba in Nigeria
NA19228,LS454,Yoruba in Nigeria
NA19124,LS454,Yoruba in Nigeria
NA18768,LS454,Han Chinese in Beijing
NA19309,LS454,Luhya in Kenya
NA07345,LS454,Utah Residents (CEPH) with Northern and Western European Ancestry
NA19316,LS454,Luhya in Kenya
NA19338,LS454,Luhya in Kenya
NA19019,LS454,Luhya in Kenya
NA19315,LS454,Luhya in Kenya
NA18759,LS454,Han Chinese in Beijing
NA18781,LS454,Han Chinese in Beijing
NA19125,LS454,Yoruba in Nigeria
NA18921,LS454,Yoruba in Nigeria
NA19914,ILLUMINA,African Ancestry in Southwest US
NA19904,ILLUMINA,African Ancestry in Southwest US
NA19901,ILLUMINA,African Ancestry in Southwest US
NA19908,ILLUMINA,African Ancestry in Southwest US
NA19921,ILLUMINA,African Ancestry in Southwest US
NA19917,ILLUMINA,African Ancestry in Southwest US
NA19920,ILLUMINA,African Ancestry in Southwest US
NA19909,ILLUMINA,African Ancestry in Southwest US
NA19916,ILLUMINA,African Ancestry in Southwest US
NA19703,ILLUMINA,African Ancestry in Southwest US
NA19704,ILLUMINA,African Ancestry in Southwest US
NA19707,ILLUMINA,African Ancestry in Southwest US
NA19701,ILLUMINA,African Ancestry in Southwest US
NA19982,ILLUMINA,African Ancestry in Southwest US
NA19625,ILLUMINA,African Ancestry in Southwest US
NA19712,ILLUMINA,African Ancestry in Southwest US
NA18567,ILLUMINA,Han Chinese in Beijing
NA18565,ILLUMINA,Han Chinese in Beijing
NA18553,ILLUMINA,Han Chinese in Beijing
NA19711,ILLUMINA,African Ancestry in Southwest US
NA19700,ILLUMINA,African Ancestry in Southwest US
NA19725,ILLUMINA,Mexican Ancestry in Los Angeles
NA19723,ILLUMINA,Mexican Ancestry in Los Angeles
NA19722,ILLUMINA,Mexican Ancestry in Los Angeles
NA19726,ILLUMINA,Mexican Ancestry in Los Angeles
NA18527,ABI_SOLID,Han Chinese in Beijing
NA19660,ILLUMINA,Mexican Ancestry in Los Angeles
NA19684,ILLUMINA,Mexican Ancestry in Los Angeles
NA19661,ILLUMINA,Mexican Ancestry in Los Angeles
NA19720,ILLUMINA,Mexican Ancestry in Los Angeles
NA19678,ILLUMINA,Mexican Ancestry in Los Angeles
NA19685,ILLUMINA,Mexican Ancestry in Los Angeles
HG00160,ILLUMINA,British in England and Scotland
HG00116,ILLUMINA,British in England and Scotland
HG00133,ILLUMINA,British in England and Scotland
HG00131,ILLUMINA,British in England and Scotland
HG00158,ILLUMINA,British in England and Scotland
HG00146,ILLUMINA,British in England and Scotland
HG00155,ILLUMINA,British in England and Scotland
NA18639,ABI_SOLID,Han Chinese in Beijing
NA20339,ABI_SOLID,African Ancestry in Southwest US
NA20414,ABI_SOLID,African Ancestry in Southwest US
NA19818,ILLUMINA,African Ancestry in Southwest US
NA19713,ILLUMINA,African Ancestry in Southwest US
NA19900,ILLUMINA,African Ancestry in Southwest US
NA19835,ILLUMINA,African Ancestry in Southwest US
NA19834,ILLUMINA,African Ancestry in Southwest US
NA19819,ILLUMINA,African Ancestry in Southwest US
NA19923,ABI_SOLID,African Ancestry in Southwest US
NA19672,ABI_SOLID,Mexican Ancestry in Los Angeles
NA19738,ABI_SOLID,Mexican Ancestry in Los Angeles
NA20351,ABI_SOLID,African Ancestry in Southwest US
NA20412,ABI_SOLID,African Ancestry in Southwest US
NA19794,ABI_SOLID,Mexican Ancestry in Los Angeles
NA19734,ABI_SOLID,Mexican Ancestry in Los Angeles
NA19737,ABI_SOLID,Mexican Ancestry in Los Angeles
NA19735,ABI_SOLID,Mexican Ancestry in Los Angeles
NA19038,ABI_SOLID,Luhya in Kenya
NA19795,ABI_SOLID,Mexican Ancestry in Los Angeles
HG00104,ABI_SOLID,British in England and Scotland
NA19740,ABI_SOLID,Mexican Ancestry in Los Angeles
HG00099,ABI_SOLID,British in England and Scotland
NA19984,ABI_SOLID,African Ancestry in Southwest US
NA19752,ABI_SOLID,Mexican Ancestry in Los Angeles
NA19741,ABI_SOLID,Mexican Ancestry in Los Angeles
HG00097,ABI_SOLID,British in England and Scotland
HG00234,ABI_SOLID,British in England and Scotland
HG00128,ABI_SOLID,British in England and Scotland
HG00130,ABI_SOLID,British in England and Scotland
HG00129,ABI_SOLID,British in England and Scotland
HG00351,ABI_SOLID,Finnish in Finland
NA19655,ILLUMINA,Mexican Ancestry in Los Angeles
NA19654,ILLUMINA,Mexican Ancestry in Los Angeles
HG00262,ILLUMINA,British in England and Scotland
HG00245,ILLUMINA,British in England and Scotland
HG00258,ILLUMINA,British in England and Scotland
HG00119,ILLUMINA,British in England and Scotland
HG00264,ILLUMINA,British in England and Scotland
HG00124,ILLUMINA,British in England and Scotland
HG00123,ILLUMINA,British in England and Scotland
HG00159,ILLUMINA,British in England and Scotland
HG00117,ILLUMINA,British in England and Scotland
HG00120,ILLUMINA,British in England and Scotland
NA19651,ILLUMINA,Mexican Ancestry in Los Angeles
NA19649,ILLUMINA,Mexican Ancestry in Los Angeles
NA19648,ILLUMINA,Mexican Ancestry in Los Angeles
NA19652,ILLUMINA,Mexican Ancestry in Los Angeles
HG00358,ABI_SOLID,Finnish in Finland
HG00356,ABI_SOLID,Finnish in Finland
HG00350,ABI_SOLID,Finnish in Finland
HG00355,ABI_SOLID,Finnish in Finland
HG00235,ABI_SOLID,British in England and Scotland
HG00349,ABI_SOLID,Finnish in Finland
NA20363,ABI_SOLID,African Ancestry in Southwest US
NA19675,ILLUMINA,Mexican Ancestry in Los Angeles
NA19676,ILLUMINA,Mexican Ancestry in Los Angeles
NA19679,ILLUMINA,Mexican Ancestry in Los Angeles
NA19716,ILLUMINA,Mexican Ancestry in Los Angeles
NA19717,ILLUMINA,Mexican Ancestry in Los Angeles
NA19719,ILLUMINA,Mexican Ancestry in Los Angeles
NA19681,ILLUMINA,Mexican Ancestry in Los Angeles
NA19682,ILLUMINA,Mexican Ancestry in Los Angeles
NA20346,ILLUMINA,African Ancestry in Southwest US
NA20341,ILLUMINA,African Ancestry in Southwest US
NA20291,ILLUMINA,African Ancestry in Southwest US
NA20294,ILLUMINA,African Ancestry in Southwest US
NA20317,ILLUMINA,African Ancestry in Southwest US
NA20126,ILLUMINA,African Ancestry in Southwest US
NA20278,ILLUMINA,African Ancestry in Southwest US
NA20314,ILLUMINA,African Ancestry in Southwest US
NA20344,ILLUMINA,African Ancestry in Southwest US
NA20281,ILLUMINA,African Ancestry in Southwest US
NA20287,ILLUMINA,African Ancestry in Southwest US
NA20356,ILLUMINA,African Ancestry in Southwest US
NA20296,ILLUMINA,African Ancestry in Southwest US
NA20332,ILLUMINA,African Ancestry in Southwest US
NA20276,ILLUMINA,African Ancestry in Southwest US
NA20282,ILLUMINA,African Ancestry in Southwest US
NA19985,ILLUMINA,African Ancestry in Southwest US
NA20336,ILLUMINA,African Ancestry in Southwest US
NA20322,ILLUMINA,African Ancestry in Southwest US
NA20289,ILLUMINA,African Ancestry in Southwest US
NA20299,ILLUMINA,African Ancestry in Southwest US
NA20334,ILLUMINA,African Ancestry in Southwest US
NA20127,ILLUMINA,African Ancestry in Southwest US
NA20342,ILLUMINA,African Ancestry in Southwest US
NA20340,ILLUMINA,African Ancestry in Southwest US
NA20348,ILLUMINA,African Ancestry in Southwest US
HG00096,ILLUMINA,British in England and Scotland
HG00127,ILLUMINA,British in England and Scotland
HG00103,ILLUMINA,British in England and Scotland
HG00233,ILLUMINA,British in England and Scotland
HG01098,ILLUMINA,Puerto Rican in Puerto Rico
HG01097,ILLUMINA,Puerto Rican in Puerto Rico
HG01253,ILLUMINA,Colombian in Medellin
HG01254,ILLUMINA,Colombian in Medellin
HG01251,ILLUMINA,Colombian in Medellin
HG01250,ILLUMINA,Colombian in Medellin
HG01112,ILLUMINA,Colombian in Medellin
HG01494,ILLUMINA,Colombian in Medellin
HG01497,ILLUMINA,Colombian in Medellin
HG01456,ILLUMINA,Colombian in Medellin
HG01550,ILLUMINA,Colombian in Medellin
HG01498,ILLUMINA,Colombian in Medellin
HG01360,ILLUMINA,Colombian in Medellin
HG01113,ILLUMINA,Colombian in Medellin
HG01551,ILLUMINA,Colombian in Medellin
HG01455,ILLUMINA,Colombian in Medellin
HG01518,ILLUMINA,Iberian Population in Spain
HG01516,ILLUMINA,Iberian Population in Spain
HG01515,ILLUMINA,Iberian Population in Spain
HG01519,ILLUMINA,Iberian Population in Spain
HG01521,ILLUMINA,Iberian Population in Spain
NA19777,ILLUMINA,Mexican Ancestry in Los Angeles
NA19779,ILLUMINA,Mexican Ancestry in Los Angeles
NA19780,ILLUMINA,Mexican Ancestry in Los Angeles
NA19782,ILLUMINA,Mexican Ancestry in Los Angeles
NA19783,ILLUMINA,Mexican Ancestry in Los Angeles
NA19788,ILLUMINA,Mexican Ancestry in Los Angeles
NA19789,ILLUMINA,Mexican Ancestry in Los Angeles
NA19776,ILLUMINA,Mexican Ancestry in Los Angeles
NA19758,ILLUMINA,Mexican Ancestry in Los Angeles
NA19747,ILLUMINA,Mexican Ancestry in Los Angeles
NA19732,ILLUMINA,Mexican Ancestry in Los Angeles
NA19731,ILLUMINA,Mexican Ancestry in Los Angeles
NA19746,ILLUMINA,Mexican Ancestry in Los Angeles
NA19750,ILLUMINA,Mexican Ancestry in Los Angeles
NA19762,ILLUMINA,Mexican Ancestry in Los Angeles
NA19755,ILLUMINA,Mexican Ancestry in Los Angeles
NA19728,ILLUMINA,Mexican Ancestry in Los Angeles
NA19770,ILLUMINA,Mexican Ancestry in Los Angeles
NA19771,ILLUMINA,Mexican Ancestry in Los Angeles
NA19761,ILLUMINA,Mexican Ancestry in Los Angeles
NA19759,ILLUMINA,Mexican Ancestry in Los Angeles
NA19729,ILLUMINA,Mexican Ancestry in Los Angeles
NA19786,ILLUMINA,Mexican Ancestry in Los Angeles
NA19785,ILLUMINA,Mexican Ancestry in Los Angeles
NA19773,ILLUMINA,Mexican Ancestry in Los Angeles
NA19756,ILLUMINA,Mexican Ancestry in Los Angeles
NA19749,ILLUMINA,Mexican Ancestry in Los Angeles
NA19774,ILLUMINA,Mexican Ancestry in Los Angeles
HG01495,ILLUMINA,Colombian in Medellin
HG01522,ILLUMINA,Iberian Population in Spain
HG01176,ILLUMINA,Puerto Rican in Puerto Rico
HG01075,ILLUMINA,Puerto Rican in Puerto Rico
HG01102,ILLUMINA,Puerto Rican in Puerto Rico
HG01187,ILLUMINA,Puerto Rican in Puerto Rico
HG01101,ILLUMINA,Puerto Rican in Puerto Rico
HG01167,ILLUMINA,Puerto Rican in Puerto Rico
HG01095,ILLUMINA,Puerto Rican in Puerto Rico
HG01183,ILLUMINA,Puerto Rican in Puerto Rico
HG01168,ILLUMINA,Puerto Rican in Puerto Rico
HG01277,ABI_SOLID,Colombian in Medellin
HG01618,ABI_SOLID,Iberian Population in Spain
HG01271,ABI_SOLID,Colombian in Medellin
HG01278,ABI_SOLID,Colombian in Medellin
HG01623,ABI_SOLID,Iberian Population in Spain
HG01275,ABI_SOLID,Colombian in Medellin
HG01344,ABI_SOLID,Colombian in Medellin
HG01272,ABI_SOLID,Colombian in Medellin
HG01274,ABI_SOLID,Colombian in Medellin
HG01617,ABI_SOLID,Iberian Population in Spain
HG01345,ABI_SOLID,Colombian in Medellin
HG01620,ABI_SOLID,Iberian Population in Spain
HG01190,ILLUMINA,Puerto Rican in Puerto Rico
HG01198,ILLUMINA,Puerto Rican in Puerto Rico
HG01188,ILLUMINA,Puerto Rican in Puerto Rico
HG01191,ILLUMINA,Puerto Rican in Puerto Rico
HG01197,ILLUMINA,Puerto Rican in Puerto Rico
HG01204,ILLUMINA,Puerto Rican in Puerto Rico
HG01465,ILLUMINA,Colombian in Medellin
HG01440,ILLUMINA,Colombian in Medellin
HG01491,ILLUMINA,Colombian in Medellin
HG01342,ILLUMINA,Colombian in Medellin
HG01359,ILLUMINA,Colombian in Medellin
HG01441,ILLUMINA,Colombian in Medellin
HG01437,ILLUMINA,Colombian in Medellin
HG01488,ILLUMINA,Colombian in Medellin
HG01492,ILLUMINA,Colombian in Medellin
HG01489,ILLUMINA,Colombian in Medellin
HG01462,ILLUMINA,Colombian in Medellin
HG01461,ILLUMINA,Colombian in Medellin
NA19663,ILLUMINA,Mexican Ancestry in Los Angeles
NA19657,ILLUMINA,Mexican Ancestry in Los Angeles
NA19664,ILLUMINA,Mexican Ancestry in Los Angeles
HG00732,ILLUMINA,Puerto Rican in Puerto Rico
HG00734,ILLUMINA,Puerto Rican in Puerto Rico
HG01048,ILLUMINA,Puerto Rican in Puerto Rico
HG01080,ILLUMINA,Puerto Rican in Puerto Rico
HG01047,ILLUMINA,Puerto Rican in Puerto Rico
HG01055,ILLUMINA,Puerto Rican in Puerto Rico
HG01066,ILLUMINA,Puerto Rican in Puerto Rico
HG00737,ILLUMINA,Puerto Rican in Puerto Rico
HG00641,ILLUMINA,Puerto Rican in Puerto Rico
HG00740,ILLUMINA,Puerto Rican in Puerto Rico
HG01079,ILLUMINA,Puerto Rican in Puerto Rico
HG00731,ILLUMINA,Puerto Rican in Puerto Rico
HG00736,ILLUMINA,Puerto Rican in Puerto Rico
HG01067,ILLUMINA,Puerto Rican in Puerto Rico
HG01619,ABI_SOLID,Iberian Population in Spain
NA19922,ABI_SOLID,African Ancestry in Southwest US
NA20298,ABI_SOLID,African Ancestry in Southwest US
HG01625,ABI_SOLID,Iberian Population in Spain
HG01624,ABI_SOLID,Iberian Population in Spain
HG01626,ABI_SOLID,Iberian Population in Spain
